sampleid	orignal_id	Barcode	Date	Time	Species	Site	Group	Individual	Age	Sex	Preservative	Reproductive	Season	Month	Time2	Shannon.x	Richness.x	Chao1.x	Simpson.x	Pielou.x	Shannon.y	Richness.y	Chao1.y	Simpson.y	Pielou.y	Shannon.1	Richness.1	Chao1.1	Simpson.1	Pielou.1	Shannon.2	Richness.2	Chao1.2	Simpson.2	Pielou.2	SimpsonDiversityInverts	SimpsonDiversityPlants	ShannonDiversityInverts	ShannonDiversityPlants	RichnessPlants	RichnessInverts	PielouPlants	PielouInverts	Chao1DiversityInverts	Chao1DiversityPlants	Season_binary	Age_numeric	Sex_numeric
CJ10_CTTACGTTGC	CJAC10	CTTACGTTGC	2/10/2015	NA	Callithrix jacchus	Brazil	House	Lilac/lilacHouse	Adult	Female	RNAlater	ND	Dry	February	Dry2015	2.6918561382605226	55.376	65.01869662698402	0.8957026605599993	0.6707549136812828	2.6918561382605226	55.376	65.01869662698402	0.8957026605599993	0.6707549136812828	0	1	1	0	NA	1.7101073609493687	13.423	14.135916666666667	0.7580473956925438	0.6593805956234304	0.3644953598488835	0.9533725667722952	1.0998789488202054	3.3153231640434244	33	52	0.9481813225803336	0.27836271998303436	82.375	117.5	0	4	0
CJ101_GACAGGTGAC	CJAC101	GACAGGTGAC	3/15/2016	NA	Callithrix jacchus	Brazil	Coqueiro		Adult	Female	Ethanol	NA	Dry	March	Dry2016	0.2514084820874206	5.851	5.856	0.09671360295999996	0.1426631100046192	0.2514084820874206	5.851	5.856	0.09671360295999996	0.1426631100046192	0	0	0	1	0	0	0	0	1	0	0.42500000000000016	0.95836376917458	0.9646946227273333	3.30622048131631	30	6	0.9720754517635697	0.5384063203209711	16	368	0	4	0
CJ102_CACGAAGAGC	CJAC102	CACGAAGAGC	3/15/2016	NA	Callithrix jacchus	Brazil	Coqueiro		Juvenile	Female	Ethanol	NP	Dry	March	Dry2016	1.7060965164349153	14.408	14.790083333333332	0.7683589813600005	0.6399111080028073	1.7060965164349153	14.408	14.790083333333332	0.7683589813600005	0.6399111080028073	0	1	1	0	NA	0.4972556929740856	1.893	1.902	0.33446480112751964	NA	0.7453534615696781	0.29045731264729535	1.8569950189912927	1.051694367210306	159	23	0.2074796297688272	0.5922495438062877	135.5	312.125	0	2	0
CJ104_CATACCTGAT	CJAC104	CATACCTGAT	3/15/2016	NA	Callithrix jacchus	Brazil	Coqueiro		Adult	Male	Ethanol	NPMale	Dry	March	Dry2016	3.5241215109811166	65.566	69.45064305555546	0.956774690400001	0.8425352288528986	3.5241215109811166	65.566	69.45064305555546	0.956774690400001	0.8425352288528986	0	0	0	1	0	1.9855679399110284	13.763	13.90475	0.8144383744219789	0.7575335728060403	0.4152000000000001	0.41463223049611975	1.0815407867160063	1.4302115457415059	64	11	0.3438931840772349	0.45103754070703683	47	107.75	0	4	1
CJ105_GACGTGCTTC	CJAC105	GACGTGCTTC	3/15/2016	NA	Callithrix jacchus	Brazil	Coqueiro		Adult	Male	Ethanol	NPMale	Dry	March	Dry2016	2.635429249127704	48.618	52.78689047619037	0.8840103936000008	0.6786482814143491	2.635429249127704	48.618	52.78689047619037	0.8840103936000008	0.6786482814143491	0.5284079067591493	2	2	0.3475396781779939	0.7623314666479416	0.32878927000951486	7.068	7.076	0.12326918338312096	0.16822339639405942	0.6000772233214429	0.4563571325012159	1.1940717864577788	1.4084827980131596	206	19	0.2643610236784364	0.4055345669944283	27	378.225	0	4	1
CJ107_ATTGTGGAGT	CJAC107	ATTGTGGAGT	3/15/2016	NA	Callithrix jacchus	Brazil	Coqueiro		Infant	Female	Ethanol	NP	Dry	March	Dry2016	0.6705715496797303	13.139	13.715041666666664	0.3160746495200001	0.2605981885628111	0.6705715496797303	13.139	13.715041666666664	0.3160746495200001	0.2605981885628111	0	0	0	1	0	0.12741953124387204	1.966	1.966	0.05616819557319435	NA	0.3718666757735125	0.3180187887628544	0.8919226947409326	1.1396562465114561	212	13	0.21275793725197456	0.3477350116665247	45	477.225	0	1	0
CJ11_GTGTTCGGTC	CJAC11	GTGTTCGGTC	2/10/2015	NA	Callithrix jacchus	Brazil	House	Lilac/lilacHouse	Adult	Female	RNAlater	ND	Dry	February	Dry2015	1.8410221305187633	29.01	32.33055000000006	0.7749022131200011	0.5469089213649638	1.8410221305187633	29.01	32.33055000000006	0.7749022131200011	0.5469089213649638	0	0	0	1	0	0.7130658053321648	4.33	4.48725	0.45271656659687787	0.49493888697272265	0.6929359866679737	0.9557291666666667	1.5322843399913424	3.3006574869744134	32	19	0.9523684376262029	0.5203994210214967	74	128	0	4	0
CJ114_TCTGGTCTCA	CJAC114	TCTGGTCTCA	3/17/2016	NA	Callithrix jacchus	Brazil	Princess		Adult	Male	Ethanol	NPMale	Dry	March	Dry2016	2.1333996252058367	28.214	29.85870833333335	0.8371814873599995	0.6389673932409405	2.1333996252058367	28.214	29.85870833333335	0.8371814873599995	0.6389673932409405	0.5178367226753623	2	2	0.33596144583123033	0.7470804717939376	0.8856032779847439	5.92	5.92	0.5406166958270026	0.49869975216981316	0.625	0.3169286953086442	1.0397207708399179	1.1079329289688702	123	3	0.2302349301584741	0.946394630357186	5	215.23529411764707	0	4	1
CJ115_AGGTAAGAGG	CJAC115	AGGTAAGAGG	3/17/2016	NA	Callithrix jacchus	Brazil	Princess		Adult	Female	Ethanol	NA	Dry	March	Dry2016	1.7087875797984933	16.577	17.507583333333333	0.7410297835200009	0.6090638781685881	1.7087875797984933	16.577	17.507583333333333	0.7410297835200009	0.6090638781685881	0	0	0	1	0	0.5956089264042843	3	3	0.351829915320273	0.542146608542277	0.46587175610985165	0.49929468385691944	1.029933690615655	1.782136945726227	111	19	0.3784107691314148	0.3497894498418933	64	183.32142857142856	0	4	0
CJ116_TCCTGACAGA	CJAC116	TCCTGACAGA	3/17/2016	NA	Callithrix jacchus	Brazil	Princess		Adult	Female	Ethanol	NA	Dry	March	Dry2016	1.8094013609576982	16.153	16.319166666666668	0.7784394584000001	0.6506064398718402	1.8094013609576982	16.153	16.319166666666668	0.7784394584000001	0.6506064398718402	0	0	0	1	0	0	0	0	1	0	0.7615920802896312	0.6693036531168133	1.7063444876923364	2.409372264363837	117	13	0.5059395766203068	0.6652546502442687	23	414.84615384615387	0	4	0
CJ117_GCACTGTTGC	CJAC117	GCACTGTTGC	3/17/2016	NA	Callithrix jacchus	Brazil	Princess		Adult	Male	Ethanol	NPMale	Dry	March	Dry2016	1.7415019312562867	20.122	21.566458333333337	0.7281720453599996	0.5805333762575954	1.7415019312562867	20.122	21.566458333333337	0.7281720453599996	0.5805333762575954	0	0	0	1	0	0.4513547338388364	7.511	7.5115	0.18216335470455222	0.22431618562570788	0.8028571428571428	0.3627451755511003	2.1650529320882206	1.3632434389986339	284	21	0.2413258374926458	0.7111305554072921	58.5	564.8205128205128	0	4	1
CJ118_ACCATGAGTC	CJAC118	ACCATGAGTC	3/17/2016	NA	Callithrix jacchus	Brazil	Princess		Adult	Female	Ethanol	P	Dry	March	Dry2016	2.009387157446105	25.093	26.399916666666684	0.8046572948799995	0.6237604099527562	2.009387157446105	25.093	26.399916666666684	0.8046572948799995	0.6237604099527562	0	1	1	0	NA	0.997873656190067	3	3	0.6060377501156575	0.9083037450817414	0.6131001380428313	0.35369097136063876	1.4363130602559142	1.286655481560008	108	17	0.27480124309763865	0.5069554904042606	32	198.13333333333333	0	4	0
CJ12_GCCACATATA	CJAC12	GCCACATATA	2/10/2015	NA	Callithrix jacchus	Brazil	House		Adult	Male	RNAlater	NPMale	Dry	February	Dry2015	2.726370095025578	85.449	102.06775705048746	0.865072440720001	0.6130817547488895	2.726370095025578	85.449	102.06775705048746	0.865072440720001	0.6130817547488895	0.6979206773166332	2.703	2.8035	0.4725175796191723	0.7645662612581942	1.4112431013346338	19.679	23.307608333333352	0.6367897411883862	0.47422746412005967	0.9139502958579881	0.3421145354827878	2.929567049091895	1.2125900394566642	166	45	0.23720519094716003	0.7695893862312586	72	275.5869565217391	0	4	1
CJ125_AATGCAGTGT	CJAC125	AATGCAGTGT	3/23/2016	NA	Callithrix jacchus	Brazil	Road	Red back, Yellow L foot, Pink R footRoad	Juvenile	Female	Ethanol	NP	Dry	March	Dry2016	1.0654955145882405	10.996	10.996	0.49979479023999995	0.44441860433334024	1.0654955145882405	10.996	10.996	0.49979479023999995	0.44441860433334024	0	1	1	0	NA	0	1	1	0	NA	0.859504132231405	0.6012998048137727	2.0982737395252498	1.5186090116335	84	9	0.3427379376258437	0.9549655329584326	37	150.66666666666669	0	2	0
CJ126_ATATGGTGGA	CJAC126	ATATGGTGGA	3/24/2016	NA	Callithrix jacchus	Brazil	House		Adult	Male	Ethanol	NPMale	Dry	March	Dry2016	2.411677977745836	67.043	77.41103820762557	0.8226982664000008	0.5736052162199163	2.411677977745836	67.043	77.41103820762557	0.8226982664000008	0.5736052162199163	0.8285536169327362	4.653	4.8295	0.5267149331190283	0.5449107411236509	0.8600734712926523	12.525	14.091824999999968	0.46673780809914484	0.3408669606462166	0.8018909429501418	0.533235118655951	1.8989266013739365	1.3565478106311715	605	30	0.21178757627767966	0.5583112028758345	102	947.0190476190476	0	4	1
CJ127_ACTCAGTTAC	CJAC127	ACTCAGTTAC	3/24/2016	NA	Callithrix jacchus	Brazil	House	Shaved upper tailHouse	Infant	Male	Ethanol	NPMale	Dry	March	Dry2016	2.3331440660713687	63.596	79.3873595382559	0.8325172140000001	0.5620755294017041	2.3331440660713687	63.596	79.3873595382559	0.8325172140000001	0.5620755294017041	0.6217909733015667	2.877	2.9725	0.3716718845294657	0.6189590736155395	1.4790215346789308	14.793	20.173431547619053	0.6121078174314833	0.550444434120868	0.5287791196446723	0.7062199478314188	1.0765224878777415	2.7160045343753256	901	35	0.39920664885766444	0.3027896198232593	163	1052.042735042735	0	1	1
CJ129_AAGTGCGATG	CJAC129	AAGTGCGATG	3/24/2016	NA	Callithrix jacchus	Brazil	House	Shaved upper tailHouse	Infant	Male	Ethanol	NPMale	Dry	March	Dry2016	2.3309405791774327	54.332	66.33459817821071	0.8333673075200003	0.5836673831791045	2.3309405791774327	54.332	66.33459817821071	0.8333673075200003	0.5836673831791045	0.7453192660692907	2.921	2.96	0.4282569325346968	0.697315161577198	0.8493907640093271	9.691	11.60145833333333	0.4418471094055059	0.3759805347189081	0.8262635424540186	0.7439818147490753	2.660335214158829	2.8830683663486587	900	54	0.42383138095615486	0.6669204948187708	68.23529411764706	1005.6235294117647	0	1	1
CJ13_CTCAAGAAGC	CJAC13	CTCAAGAAGC	2/10/2015	NA	Callithrix jacchus	Brazil	House		Adult	Male	RNAlater	NPMale	Dry	February	Dry2015	2.4366425757717485	34.001	35.784966666666676	0.8715556757599987	0.6911295011170854	2.4366425757717485	34.001	35.784966666666676	0.8715556757599987	0.6911295011170854	0	0	0	1	0	1.3383923750769806	8.157	8.4815	0.6716075936035444	0.6401565298202038	0.5	0.27194943301392227	0.6931471805599453	0.9833355761539169	98	2	0.2144694767691217	1	3	140.66666666666666	0	4	1
CJ132_CCACAGAGTG	CJAC132	CCACAGAGTG	3/29/2016	NA	Callithrix jacchus	Brazil	House		Adult	Female	Ethanol	NA	Dry	March	Dry2016	1.7269964114432703	41.308	48.230191865079355	0.7127824309599998	0.4642917675352527	1.7269964114432703	41.308	48.230191865079355	0.7127824309599998	0.4642917675352527	0	1	1	0	NA	1.2112504428539614	11.732	12.184541666666666	0.5989075504383362	0.4926671234025619	0.7879818594104309	0.5294479999586482	2.1002037885953486	2.0662554571597895	909	17	0.3033104501599341	0.7412797885487005	115	1053.2133333333334	0	4	0
CJ134_AGTGGTGATC	CJAC134	AGTGGTGATC	3/30/2016	NA	Callithrix jacchus	Brazil	Road		Juvenile	Male	Ethanol	NPMale	Dry	March	Dry2016	1.4130351744532916	16.484	18.229041666666667	0.6525558634400008	0.5048947797494283	1.4130351744532916	16.484	18.229041666666667	0.6525558634400008	0.5048947797494283	0	0	0	1	0	0.09467683103018582	3.113	3.113	0.032501108258681924	0.084127641647232	0.1320864560175633	0.6934648066852155	0.45560873181840994	2.7272954179084268	273	32	0.48619469309917446	0.13146089159602595	38	411.66666666666663	0	2	1
CJ135_ACTTCTTAGC	CJAC135	ACTTCTTAGC	3/30/2016	NA	Callithrix jacchus	Brazil	Road		Juvenile	Male	Ethanol	NPMale	Dry	March	Dry2016	2.6226070803395864	54.607	61.038512572150054	0.8741403545599994	0.655762518339771	2.6226070803395864	54.607	61.038512572150054	0.8741403545599994	0.655762518339771	0	0.999	0.999	0.001	NA	1.1369366801814758	9.696	10.43575	0.526126493180035	0.501826958685496	0.7627152932301826	0.4077716842986152	1.9509598175950271	1.5264646445614782	362	40	0.2590897531622059	0.5288760020117397	55	593.125	0	2	1
CJ138_ACGCAGGAGT	CJAC138	ACGCAGGAGT	6/30/2016	NA	Callithrix jacchus	Brazil	Algaroba	Green butterflyAlgaroba	Adult	Female	Ethanol	L	Wet	June	Wet2016	1.375951360020971	44.239	49.30359384920629	0.5116153521599996	0.3631825277337312	1.375951360020971	44.239	49.30359384920629	0.5116153521599996	0.3631825277337312	0.5802619279703152	2	2	0.3937948823447705	0.8371410058994402	0.35263023476671135	6.965	6.965	0.15760074139915517	0.18175027539110242	0.7420729598049318	0.4759822236379231	1.9627551878982616	1.7803283523988689	422	42	0.29451228905706517	0.5251280579474312	102.5	542.5568181818182	1	4	0
CJ14_TCTCGGATAG	CJAC14	TCTCGGATAG	2/10/2015	NA	Callithrix jacchus	Brazil	House		Juvenile	Male	RNAlater	NPMale	Dry	February	Dry2015	1.680481400696327	17.437	18.957374999999995	0.7585421756799999	0.5884518338300886	1.680481400696327	17.437	18.957374999999995	0.7585421756799999	0.5884518338300886	0	0	0	1	0	0.1224432538906884	3.717	3.88	0.045227127019628464	0.09477652323011643	0.5672222222222222	0.2975165159593479	1.130175092965762	1.0779472201113338	140	8	0.2181354148935269	0.543499333985976	20.5	256.0357142857143	0	2	1
CJ19_TCCTTGTTCT	CJAC19	TCCTTGTTCT	2/25/2015	NA	Callithrix jacchus	Brazil	Coqueiro	RedCoqueiro	Juvenile	Male	RNAlater	NPMale	Dry	February	Dry2015	2.0136853276478774	52.03	55.49471726190472	0.65924017848	0.5096256952610843	2.0136853276478774	52.03	55.49471726190472	0.65924017848	0.5096256952610843	0.6861022316373206	2	2	0.4930080151343774	0.9898362871260121	0.31295143496349953	9.468	10.091083333333332	0.11322688936910941	0.13950954003306146	0.3912591050988552	0.9189678587596197	0.9288392596635145	3.023477447436418	29	7	0.897894809393258	0.47732895586902657	19.5	77.4	0	2	1
CJ2_CACTGCTTGA	CJAC2	CACTGCTTGA	2/3/2015	NA	Callithrix jacchus	Brazil	House		Adult	Female	RNAlater	NA	Dry	February	Dry2015	1.8495250060811874	29.566	31.717257142857207	0.6973970573600001	0.546279643491144	1.8495250060811874	29.566	31.717257142857207	0.6973970573600001	0.546279643491144	0	0	0	1	0	0.48884025308091733	7.047	7.306	0.23451321261999866	0.25132213443295587	0.5775004691311691	0.9583333333333333	1.051180420957036	3.3379352076093363	31	8	0.9720290172455052	0.5055109267980963	18	437	0	4	0
CJ20_GTAACGATGT	CJAC20	GTAACGATGT	2/27/2015	NA	Callithrix jacchus	Brazil	Algaroba		Adult	Male	RNAlater	NPMale	Dry	February	Dry2015	2.5295245315200834	52.045	60.89640034271288	0.8769333596799996	0.6402355616705903	2.5295245315200834	52.045	60.89640034271288	0.8769333596799996	0.6402355616705903	0	0.998	0.998	0.002	NA	1.2406059125482436	13.365	14.793208333333329	0.6187730954971157	0.4793784555344516	0.182034503271862	0.9545454545454546	0.42112677087610795	3.3389266537852587	33	4	0.9549319127984011	0.30377875196427184	6	124.125	0	4	1
CJ24_GCAGATAAGT	CJAC24	GCAGATAAGT	4/25/2015	NA	Callithrix jacchus	Brazil	House	Lilac/lilacHouse	Adult	Female	RNAlater	ND	Dry	April	Dry2015	1.1097273517137378	17.691	19.98248333333333	0.5633523864799996	0.3867680447429731	1.1097273517137378	17.691	19.98248333333333	0.5633523864799996	0.3867680447429731	0.7258404816131746	2.339	2.339	0.4957426464559593	0.8976834740050015	1.223442067143405	4.847	5.06275	0.6439483964716824	0.7831432609469188	0.6352971930856453	0.30246898183541315	1.4681079054538295	1.0890070842888695	198	21	0.20592891356808898	0.4822128709787484	45	405.025	0	4	0
CJ32_TTCGATAGCA	CJAC32	TTCGATAGCA	7/17/2015	NA	Callithrix jacchus	Brazil	Cow	Blue tuftsCow	Juvenile	Male	RNAlater	NPMale	Wet	July	Wet2015	0.11216629983060779	4.971	5.01875	0.042264610239999945	0.07000529524937206	0.11216629983060779	4.971	5.01875	0.042264610239999945	0.07000529524937206	0	0	0	1	0	0	0	0	1	0	0.5151999999999999	0.9594375338020551	1.1604572762698007	3.3499901477640806	32	7	0.966602834641225	0.5963570706659664	17	110.125	1	2	1
CJ35_GGAACACAGG	CJAC35	GGAACACAGG	7/17/2015	NA	Callithrix jacchus	Brazil	Cow	OrangeCow	Adult	Female	RNAlater	NA	Wet	July	Wet2015	2.3140496245835913	45.45	49.67990496031742	0.8656525461599991	0.6064293204460948	2.3140496245835913	45.45	49.67990496031742	0.8656525461599991	0.6064293204460948	0	0.716	0.716	0.284	NA	0.6001511574385654	8.799	9.149083333333332	0.2315985429781793	0.2763488726422158	0.6086765791220927	0.9661989795918368	1.7912821516067983	3.5022154112049435	37	73	0.9698961582431322	0.41750357419235756	83.8	63.45	1	4	0
CJ4_TCTAGCGTGG	CJAC4	TCTAGCGTGG	2/6/2015	NA	Callithrix jacchus	Brazil	F group	PinkF group	Adult	Female	RNAlater	NA	Dry	February	Dry2015	2.00272816967332	82.204	92.6214672280335	0.7505200861600004	0.45428570830078335	2.00272816967332	82.204	92.6214672280335	0.7505200861600004	0.45428570830078335	0.2696434147525294	1.371	1.5255	0.25293467939027503	NA	2.4166920971978274	18.798	22.062708333333347	0.87617633204043	0.8246279423797727	0.6666666666666667	0.9626446280991736	1.0986122886681096	3.458993587577076	37	3	0.9579263974583414	0.9999999999999998	6	109.9	0	4	0
CJ48_GGAGACTGTA	CJAC48	GGAGACTGTA	7/23/2015	NA	Callithrix jacchus	Brazil	House		Adult	Male	Ethanol	NPMale	Wet	July	Wet2015	2.528122645465687	41.987	45.7590571428571	0.8948000839200003	0.6765977412154752	2.528122645465687	41.987	45.7590571428571	0.8948000839200003	0.6765977412154752	0.8769886696210244	2.913	2.918	0.5339009540630985	0.8268962253326063	1.3106131811429977	10.793	11.001916666666666	0.6380198268643005	0.5514977700020489	0.874607735058547	0.9639741201842957	2.5277055891404876	4.010955656355451	99	51	0.8728729145634735	0.6428834402275015	65.0625	469.5625	1	4	1
CJ5_GCATAATCGC	CJAC5	GCATAATCGC	2/6/2015	NA	Callithrix jacchus	Brazil	F group	Green TuftF group	Juvenile	Male	RNAlater	NPMale	Dry	February	Dry2015	2.2719619357969343	30.736	32.97098333333337	0.8481250659200007	0.66347899671483	2.2719619357969343	30.736	32.97098333333337	0.8481250659200007	0.66347899671483	0	0	0	1	0	1.043427760604701	5.547	5.62925	0.5862452031667247	0.6133909147317492	0.6730532727674778	0.29269928444206517	1.2861892563098272	1.0671302691711588	132	20	0.2185487525584308	0.42934052140245327	30.666666666666664	279.6818181818182	0	2	1
CJ55_TCGAACTGCA	CJAC55	TCGAACTGCA	7/26/2015	NA	Callithrix jacchus	Brazil	Road	Yellow/greenRoad	Adult	Male	RNAlater	NPMale	Wet	July	Wet2015	2.8311880110194765	73.106	81.14673268814519	0.8800712139999989	0.6597584343408015	2.8311880110194765	73.106	81.14673268814519	0.8800712139999989	0.6597584343408015	0.2680079510338372	1.91	1.91	0.14817289225871047	NA	1.9578402461169888	23.252	27.216497619047665	0.7884971914039816	0.6227599759759667	0.5050225255275216	0.3134463182723498	1.1252936901210833	1.1645286405309883	139	26	0.2359985393199047	0.34538377761035627	36	292.125	1	4	1
CJ56_GAGAGGACAT	CJAC56	GAGAGGACAT	7/26/2015	NA	Callithrix jacchus	Brazil	Road		Juvenile	Male	RNAlater	NPMale	Wet	July	Wet2015	2.4321307471554583	40.521	43.6331726190476	0.8688773353600002	0.6571571982823764	2.4321307471554583	40.521	43.6331726190476	0.8688773353600002	0.6571571982823764	0	1	1	0	NA	1.3059152454639935	8.623	8.72675	0.6394247344505046	0.6070588513683072	0.14854608384635437	0.9540816326530612	0.43589925055840256	3.1649855377779104	25	20	0.983258040998678	0.14550674451334494	52	289.5	1	2	1
CJ6_GTCGTAACAC	CJAC6	GTCGTAACAC	2/6/2015	NA	Callithrix jacchus	Brazil	F group	BlueF group	Adult	Male	RNAlater	NPMale	Dry	February	Dry2015	2.2105143358670603	31.089	33.94282500000003	0.8401497195199993	0.6434319783857413	2.2105143358670603	31.089	33.94282500000003	0.8401497195199993	0.6434319783857413	0	0	0	1	0	0.8837112852659864	4.426	4.4805	0.45548430077118546	0.6004693454155442	0.7222222222222222	0.3456934213226036	1.3296613488547582	1.2475215018034802	99	4	0.27148834905077407	0.9591479170272448	5	183.96153846153845	0	4	1
CJ63_GAGCACGGAA	CJAC63	GAGCACGGAA	7/30/2015	NA	Callithrix jacchus	Brazil	Key	WhiteKey	Adult	Male	RNAlater	NPMale	Wet	July	Wet2015	3.801462022145603	138.551	145.18556481819255	0.9548323570399998	0.7709222622723464	3.801462022145603	138.551	145.18556481819255	0.9548323570399998	0.7709222622723464	1.3622134699402375	5.946	5.96575	0.6579705192398445	0.7645551896045079	2.9525488083228555	30.29	31.8415833333334	0.9283188707737239	0.865793765853414	0.48616467497015237	0.9488888888888889	1.2563571154765762	3.1239385094381764	25	23	0.9705060646650103	0.40068870454104044	33.125	146	1	4	1
CJ64_GCTCTAACAT	CJAC64	GCTCTAACAT	7/30/2015	NA	Callithrix jacchus	Brazil	Key	YellowKey	Adult	Female	RNAlater	NA	Wet	July	Wet2015	1.6145216004640766	23.461	26.075433333333375	0.7367335745600005	0.5120099156772527	1.6145216004640766	23.461	26.075433333333375	0.7367335745600005	0.5120099156772527	0.188525597581009	1.963	1.963	0.09239521029644604	NA	0.07236516587753558	1.959	2.0195	0.02801619110138149	NA	0.7082638928147436	0.9546022490628905	1.9179230970048453	3.288793702337013	32	33	0.9489452729736925	0.5485253680390851	49.33333333333333	176	1	4	0
CJ66_TGCTGGCTTG	CJAC66	TGCTGGCTTG	7/30/2015	NA	Callithrix jacchus	Brazil	Key	Green tuftsKey	Juvenile	Male	RNAlater	NPMale	Wet	July	Wet2015	2.5495838913487656	27.047	28.351500000000005	0.8991635316000008	0.7734598024030757	2.5495838913487656	27.047	28.351500000000005	0.8991635316000008	0.7734598024030757	0	0	0	1	0	1.1331071553481713	5.135	5.135	0.5882436286000268	0.6943004482625282	0.922414709320863	0.3585471097087052	3.030573337315218	1.1707248930216292	164	43	0.22955991290954378	0.8057463692692625	61.05	267.7142857142857	1	2	1
CJ7_GAGATTGCTA	CJAC7	GAGATTGCTA	2/7/2015	NA	Callithrix jacchus	Brazil	Coqueiro	Blue TuftsCoqueiro	Juvenile	Male	RNAlater	NPMale	Dry	February	Dry2015	2.0949661939385646	33.04	35.90831865079367	0.8084312115199996	0.5991277365904305	2.0949661939385646	33.04	35.90831865079367	0.8084312115199996	0.5991277365904305	0.5867301884394672	3	3	0.3077896729700486	0.5340648329637606	0.8042233582300431	2.796	3.03825	0.49623371734430516	NA	0.6938775510204083	0.9648526077097506	1.277034259466139	3.4692456906849642	35	4	0.9757822949215332	0.9211854965885543	6	515.5	0	2	1
CJ71_GTACTAAGAG	CJAC71	GTACTAAGAG	7/30/2015	NA	Callithrix jacchus	Brazil	Key	OrangeKey	Adult	Male	RNAlater	NPMale	Wet	July	Wet2015	2.3254449557511414	37.231	39.27759166666666	0.852398146480001	0.6430079969928246	2.3254449557511414	37.231	39.27759166666666	0.852398146480001	0.6430079969928246	0	0	0	1	0	0.9154923099376837	9.182	9.2235	0.4680763975884514	0.4132267120909457	0.4727054360205405	0.316553910058853	1.336091024899591	1.1401488809935176	247	76	0.20694654493920572	0.308513805842235	85.84615384615384	418.125	1	4	1
CJ74_GCGCATTATG	CJAC74	GCGCATTATG	8/3/2015	NA	Callithrix jacchus	Brazil	Princess	Blue orangePrincess	Subadult	Female	RNAlater	NP	Wet	August	Wet2015	1.7903396991217182	12.332	13.302	0.8004056465599987	0.7141218001124007	1.7903396991217182	12.332	13.302	0.8004056465599987	0.7141218001124007	0	0	0	1	0	0	0.604	0.604	0.396	NA	0.5211785390803986	0.9738406658739596	1.2794815721828345	3.7794820750317966	48	14	0.9763073693105426	0.48482522824518065	50	342	1	3	0
CJ76_GTCCAGACAT	CJAC76	GTCCAGACAT	8/3/2015	NA	Callithrix jacchus	Brazil	Princess	Red/greenPrincess	Subadult	Female	RNAlater	NP	Wet	August	Wet2015	2.413791099611846	34.672	38.409062500000026	0.8755052876000012	0.6809635790139202	2.413791099611846	34.672	38.409062500000026	0.8755052876000012	0.6809635790139202	0.008407480260808871	1.058	1.058	0.0037160074915012927	NA	1.2282273425532053	3.953	4.866875	0.6684984687823906	NA	0.8300444144599988	0.37287601683938443	2.5379561676080984	1.2999760203803667	180	39	0.25033445447510627	0.6927565065785943	51.5	321.16666666666663	1	3	0
CJ79_GAGACCTCTA	CJAC79	GAGACCTCTA	8/3/2015	NA	Callithrix jacchus	Brazil	Princess	Yellow/pinkPrincess	Adult	Female	RNAlater	P	Wet	August	Wet2015	0.44640984739363243	6	6	0.19100164535999972	0.24914607962750715	0.44640984739363243	6	6	0.19100164535999972	0.24914607962750715	0	1	1	0	NA	0	0.998	0.998	0.002	NA	0.6949744692287019	0.9574759945130316	1.38433578849065	3.1931483948102635	25	7	0.9920073244642823	0.7114078669884668	7.5	157.25	1	4	0
CJ8_GGACAGATGG	CJAC8	GGACAGATGG	2/7/2015	NA	Callithrix jacchus	Brazil	Coqueiro	Red TuftsCoqueiro	Juvenile	Male	RNAlater	NPMale	Dry	February	Dry2015	1.746802974173797	94.419	112.70563209161513	0.7180876790400006	0.3841709790763046	1.746802974173797	94.419	112.70563209161513	0.7180876790400006	0.3841709790763046	1.245635543597572	3.927	3.9355	0.6882198989591087	0.9128985535093425	1.9757415752346579	13.989	19.785753769841268	0.7781799606765598	0.7506829985987474	0.5	0.96	0.6931471805599453	3.5377773992365182	44	2	0.9348837509428405	1	3	152.9	0	2	1
CJ83_TTGCACTCAG	CJAC83	TTGCACTCAG	8/5/2015	NA	Callithrix jacchus	Brazil	House	Green/greenHouse	Adult	Male	RNAlater	NPMale	Wet	August	Wet2015	1.2006721771110296	13.897	14.0345	0.5833873833599992	0.45645269921916465	1.2006721771110296	13.897	14.0345	0.5833873833599992	0.45645269921916465	0	0	0	1	0	0	0.093	0.093	0.907	NA	0.5993078974630255	0.4607992180323277	1.315740037468609	0.9070485836893178	42	11	0.24267757087259784	0.5487062143181615	13.25	97.125	1	4	1
CJ84_TGCGGCGATA	CJAC84	TGCGGCGATA	8/5/2015	NA	Callithrix jacchus	Brazil	House	Lilac/lilacHouse	Adult	Female	RNAlater	NA	Wet	August	Wet2015	1.4615895072071021	32.175	35.74011785714289	0.53433017288	0.4212153404996419	1.4615895072071021	32.175	35.74011785714289	0.53433017288	0.4212153404996419	0	1	1	0	NA	0.9836083038187664	5.735	6.8435	0.5758245409139426	0.5740208466013713	0.8584689512294685	0.6414956259658673	2.5360109158290047	1.772932933455973	456	57	0.2895769727488819	0.6272517333640656	87.25	753	1	4	0
CJ85_AGTTGCTAGT	CJAC85	AGTTGCTAGT	8/14/2015	NA	Callithrix jacchus	Brazil	Princess	Blue/whitePrincess	Adult	Male	RNAlater	NPMale	Wet	August	Wet2015	1.2288487448995777	14.258	15.880249999999991	0.6717209541599994	0.4632351650845115	1.2288487448995777	14.258	15.880249999999991	0.6717209541599994	0.4632351650845115	0	0.985	0.985	0.015	NA	0.1636947737911169	1.871	1.91	0.07954427958825723	NA	0.7626012470135772	0.3205407682141831	1.6127599660043646	1.149069243209905	173	11	0.22297772639855615	0.6725731454160864	15	278.625	1	4	1
CJ86_AGGATTGAGG	CJAC86	AGGATTGAGG	9/15/2015	NA	Callithrix jacchus	Brazil	Algaroba	orange/redAlgaroba	Adult	Male	RNAlater	NPMale	Wet	September	Wet2015	3.166603680152206	65.058	69.62211190476181	0.93406256896	0.7584849812866323	3.166603680152206	65.058	69.62211190476181	0.93406256896	0.7584849812866323	0.691465192682207	2	2	0.4983209788469883	0.9975734044299518	2.235330097630607	16.084	16.11825	0.8555232139940593	0.8048090685110935	0.5649275214325882	0.3363439220496657	1.1999282333955668	1.1873027738987594	90	70	0.2638562207924712	0.28243605442211905	79.52941176470588	163.5	1	4	1
CJ87_CCAGAACAGA	CJAC87	CCAGAACAGA	9/21/2015	NA	Callithrix jacchus	Brazil	House	Green/greenHouse	Adult	Male	RNAlater	NPMale	Wet	September	Wet2015	0.7624816474172293	8.136	9.026916666666667	0.47669628999999947	0.3660644583081657	0.7624816474172293	8.136	9.026916666666667	0.47669628999999947	0.3660644583081657	0	0	0	1	0	0	1	1	0	NA	0.5775920979234458	0.31842867034032507	1.1867356891791554	1.1418491097609647	200	30	0.21551164846603046	0.34891703009579556	90.5	310.34482758620686	1	4	1
CJ89_AATATGCTGC	CJAC89	AATATGCTGC	9/22/2015	NA	Callithrix jacchus	Brazil	Algaroba	Pink starAlgaroba	Subadult	Female	RNAlater	NP	Wet	September	Wet2015	2.283203849148206	51.837	61.57853980880234	0.8130273928799997	0.5784879528478383	2.283203849148206	51.837	61.57853980880234	0.8130273928799997	0.5784879528478383	0	1	1	0	NA	0.9792976991115394	7.587	8.585333333333335	0.4533042914587093	0.4864925382632787	0.9194126386759759	0.3374562371376506	2.759802124785699	1.283349810017707	329	46	0.22141770582742037	0.7208306652371431	156.25	482.76	1	3	0
CJ94_CGTCAAGCAT	CJAC94	CGTCAAGCAT	3/14/2016	NA	Callithrix jacchus	Brazil	Princess		Adult	Female	Ethanol	NA	Dry	March	Dry2016	1.9239986346948301	20.824	20.91825	0.7869610918400011	0.6337673648931481	1.9239986346948301	20.824	20.91825	0.7869610918400011	0.6337673648931481	0.009926855342958348	1.92	1.92	0.0026775170935803313	NA	0.49669509325490624	4	4	0.22985068163873854	0.35828977393636674	0.6446031335189809	0.29974505631226867	1.5522793789289748	1.102704302018859	151	30	0.21978130339225388	0.4563920304355816	46.66666666666667	361.1818181818182	0	4	0
CJ95_TTGTCGAGAC	CJAC95	TTGTCGAGAC	3/14/2016	NA	Callithrix jacchus	Brazil	Princess		Adult	Male	Ethanol	NPMale	Dry	March	Dry2016	1.4036098750286905	14.75	15.329	0.6722522445599993	0.5220270616444285	1.4036098750286905	14.75	15.329	0.6722522445599993	0.5220270616444285	0.03563958626596724	1.984	1.984	0.011778364092022237	NA	0.6341569288113051	2	2	0.44284656836157804	0.9148950563414416	0.7660034602076125	0.32841621844700253	1.7429844977365723	1.1862451723649061	241	14	0.21627877690814554	0.6604572315186035	32	316.2604166666667	0	4	1
